Workbook

Sheet 국외여비지급내역서(이한주 전임)
B1: 국외여비 지급내역서
B2: 그외직원(팀장및팀원) | C2: <대상 선택
B3: 출장비 정리 | I3: *환율조회사이트 | K3: 현재환율 < 환율/외화예금 금리 < 상품 < 하나은행 | L3: 기준환율 | M3: ※ 기준액을 원화로 환산시 출장신청서 결재일 하나은행 외환(살때)을 기준으로 함
K4: USD | M4: 매매기준(00.00.00)
B5: 구 분 | C5: 금 액 | D5: 지급 | E5: 비 고
B6: 항공료 | D6: 법인카드 결제 | E6: 항공권 + 수수료 | G6: 지역등급 | H6: 구분 | I6: 기준($) | J6: 일수 | K6: 달러금액($) | L6: 원화금액 | M6: 원화금액(원단위 절사)
B7: 일비 | D7: 개인지급(계좌이체) | G7: 가 | H7: 일비 | I7: 26
B8: 식비 | D8: 개인지급(계좌이체) | H8: 숙박비 | N8: 숙박비 상한액
B9: 숙박비 | D9: 법인카드 결제 | H9: 식비 | I9: 81
B10: 준비금 | D10: 법인카드 결제 | E10: 보험
B11: 합 계 | G11: 나 | H11: 일비 | I11: =SUMIF('드롭다운(국외)'!$B$8:$C$10,'국외여비지급내역서(이한주 전임)'!B2,'드롭다운(국외)'!$C$8:$C$10) -> 26 | K11: =I11*J11 -> 0 | L11: =ROUNDDOWN(K11*$L$4,0) -> 0
B12: 예산항목 | C12: 도비-국외여비 | H12: 숙박비 | I12: =SUMIFS('드롭다운(국외)'!$F$8:$F$19,'드롭다운(국외)'!$E$8:$E$19,'국외여비지급내역서(이한주 전임)'!$B$2,'드롭다운(국외)'!$G$8:$G$19,G11) -> 123 | K12: =I12*J12 -> 0 | L12: =ROUNDDOWN(K12*$L$4,0) -> 0 | N12: 숙박비 상한액
H13: 식비 | I13: 49 | K13: =I13*J13 -> 0 | L13: =ROUNDDOWN(K13*$L$4,0) -> 0
G14: 다 | H14: 일비 | I14: =SUMIF('드롭다운(국외)'!$B$8:$C$10,'국외여비지급내역서(이한주 전임)'!B2,'드롭다운(국외)'!$C$8:$C$10) -> 26 | K14: =I14*J14 -> 0 | L14: =ROUNDDOWN(K14*$L$4,0) -> 0 | M14: =ROUNDDOWN(L14,-1) -> 0
B15: 지급처별 출장비 정리 | H15: 숙박비 | I15: =SUMIFS('드롭다운(국외)'!$F$8:$F$19,'드롭다운(국외)'!$E$8:$E$19,'국외여비지급내역서(이한주 전임)'!$B$2,'드롭다운(국외)'!$G$8:$G$19,G14) -> 90 | K15: =I15*J15 -> 0 | L15: =ROUNDDOWN(K15*$L$4,0) -> 0 | M15: =ROUNDDOWN(L15,-1) -> 0 | N15: 숙박비 상한액
H16: 식비 | I16: =SUMIFS('드롭다운(국외)'!$J$8:$J$19,'드롭다운(국외)'!$I$8:$I$19,'국외여비지급내역서(이한주 전임)'!$B$2,'드롭다운(국외)'!K8:K19,'국외여비지급내역서(이한주 전임)'!G14) -> 37 | K16: =I16*J16 -> 0 | L16: =ROUNDDOWN(K16*$L$4,0) -> 0 | M16: =ROUNDDOWN(L16,-1) -> 0
B17: 구 분 | C17: 금 액 | D17: 비고 | G17: 라 | H17: 일비 | I17: =SUMIF('드롭다운(국외)'!$B$8:$C$10,'국외여비지급내역서(이한주 전임)'!B2,'드롭다운(국외)'!$C$8:$C$10) -> 26 | K17: =I17*J17 -> 0 | L17: =ROUNDDOWN(K17*$L$4,0) -> 0 | M17: =ROUNDDOWN(L17,-1) -> 0
B18: 법인카드 결제 | C18: =SUMIF(D6:D10,$B$18,C6:C10) -> 0 | H18: 숙박비 | I18: =SUMIFS('드롭다운(국외)'!$F$8:$F$19,'드롭다운(국외)'!$E$8:$E$19,'국외여비지급내역서(이한주 전임)'!$B$2,'드롭다운(국외)'!$G$8:$G$19,G17) -> 77 | K18: =I18*J18 -> 0 | L18: =ROUNDDOWN(K18*$L$4,0) -> 0 | M18: =ROUNDDOWN(L18,-1) -> 0 | N18: 숙박비 상한액
B19: 개인지급(계좌이체) | C19: =SUMIF(D6:D10,$B$19,C6:C10) -> 0 | H19: 식비 | I19: =SUMIFS('드롭다운(국외)'!$J$8:$J$19,'드롭다운(국외)'!$I$8:$I$19,'국외여비지급내역서(이한주 전임)'!$B$2,'드롭다운(국외)'!K8:K19,'국외여비지급내역서(이한주 전임)'!G17) -> 30 | K19: =I19*J19 -> 0 | L19: =ROUNDDOWN(K19*$L$4,0) -> 0 | M19: =ROUNDDOWN(L19,-1) -> 0
B20: 합계 | C20: =SUM(C18:C19) -> 0 | G20: 합계 | L20: =SUM(L7:L19) -> 0 | M20: =SUM(M7:M19) -> 0
G24: <숙박비 상한액 초과 여부 확인>
G25: 지역등급 | H25: 상한액(원화) | I25: 실지출액(원화) | J25: 차액 | L25: 숙박비 최종정산액
G26: 가 | K26: =IF(I26>H26,"초과","미초과") -> 미초과 | L26: =I26 -> 0
G27: 나 | J27: =H27-I27 -> 0 | K27: =IF(I27>H27,"초과","미초과") -> 미초과
G28: 다 | H28: =M15 -> 0 | J28: =H28-I28 -> 0 | K28: =IF(I28>H28,"초과","미초과") -> 미초과
G29: 라 | H29: =M18 -> 0 | J29: =H29-I29 -> 0 | K29: =IF(I29>H29,"초과","미초과") -> 미초과

Sheet 드롭다운(국외)
B2: 구분 | D2: 지급
B3: 센터장 | D3: 법인카드 결제
B4: 본부장 | D4: 개인지급(계좌이체)
B5: 그외직원(팀장및팀원)
B7: 구분 | C7: 일비 | E7: 구분 | F7: 숙박비 | G7: 등 급 | I7: 구분 | J7: 식 비 | K7: 등 급
B8: 센터장 | C8: 40 | E8: 센터장 | F8: 282 | G8: 가 | I8: 센터장 | J8: 133 | K8: 가
B9: 본부장 | C9: 30 | E9: 센터장 | F9: 207 | G9: 나 | I9: 센터장 | J9: 99 | K9: 나
B10: 그외직원(팀장및팀원) | C10: 26 | E10: 센터장 | F10: 162 | G10: 다 | I10: 센터장 | J10: 72 | K10: 다
E11: 센터장 | F11: 108 | G11: 라 | I11: 센터장 | J11: 61 | K11: 라
E12: 본부장 | F12: 176 | G12: 가 | I12: 본부장 | J12: 81 | K12: 가
E13: 본부장 | F13: 137 | G13: 나 | I13: 본부장 | J13: 59 | K13: 나
E14: 본부장 | F14: 106 | G14: 다 | I14: 본부장 | J14: 44 | K14: 다
E15: 본부장 | F15: 81 | G15: 라 | I15: 본부장 | J15: 37 | K15: 라
E16: 그외직원(팀장및팀원) | F16: 155 | G16: 가 | I16: 그외직원(팀장및팀원) | J16: 67 | K16: 가
E17: 그외직원(팀장및팀원) | F17: 123 | G17: 나 | I17: 그외직원(팀장및팀원) | J17: 49 | K17: 나
E18: 그외직원(팀장및팀원) | F18: 90 | G18: 다 | I18: 그외직원(팀장및팀원) | J18: 37 | K18: 다
E19: 그외직원(팀장및팀원) | F19: 77 | G19: 라 | I19: 그외직원(팀장및팀원) | J19: 30 | K19: 라
B23: 국외출장 여비 지급표 | G23: (단위 : 미화/달러) | L23: 국가 및 도시별 등급 구분
B24: 구 분 | C24: 등 급 | D24: 일 비 | E24: 숙박비 | F24: 식 비 | G24: 준비금 | H24: 항공운임 | L24: 등 급 | M24: 국가 및 도시
B25: 센터장 | C25: 가 | D25: 40 | E25: 실비(상한액: 282) | F25: 133 | G25: 실비 | H25: Business Class | L25: 가 | M25: 도쿄, 뉴욕, 런던, 로스엔젤레스, 모스크바, 센프란시스코, 워싱턴 D.C., 파리,
C26: 나 | E26: 실비(상한액: 207) | F26: 99 | M26: 홍콩, 제네바, 싱가포르
C27: 다 | E27: 실비(상한액: 162) | F27: 72 | L27: 나 | M27: 1) 아시아주·오세아니아주: 베이징, 사모아, 오스트레일리아, 인도, 일본, 카자흐스탄, 쿡제도, 타이완, 파푸아뉴기니
C28: 라 | E28: 실비(상한액: 108) | F28: 61 | M28: 2) 남·북아메리카주: 멕시코, 미국, 바베이도스, 세인트루시아, 세인트빈센트그레나딘, 세인트키츠네비스, 아이티, 앤티가바부다, 자메이카, 캐나다, 트리니다드토바고
B29: 본부장 | C29: 가 | D29: 30 | E29: 실비(상한액: 176) | F29: 81 | H29: Economy Class | M29: 3) 유럽주: 그리스, 네덜란드, 노르웨이, 덴마크, 독일, 러시아, 룩셈부르크, 벨기에, 사이프러스, 스웨덴, 스위스, 스페인, 아이슬란드, 아일랜드, 영국, 오스트리아, 이탈리아, 포르투갈, 프랑스, 핀란드, 헝가리
C30: 나 | E30: 실비(상한액: 137) | F30: 59 | M30: 4) 중동·아프리카주: 가나, 가봉, 남수단, 남아프리카공화국, 리비아, 모로코, 바레인, 사우디아라비아, 세이셸, 아랍에미리트, 앙골라, 에티오피아, 오만, 우간다, 이스라엘, 이집트, 적도기니, 카타르, 코트디부아르, 콩고민주공화국, 쿠웨이트
C31: 다 | E31: 실비(상한액: 106) | F31: 44 | L31: 다 | M31: 1) 아시아주·오세아니아주: 뉴질랜드, 니우에, 마셜군도, 말레이시아, 방글라데시, 브루나이, 아제르바이잔, 인도네시아, 중국, 키르기즈공화국, 타이, 터키, 투르크메니스탄, 파키스탄, 피지
C32: 라 | E32: 실비(상한액: 81) | F32: 37 | M32: 2) 남·북아메리카주: 가이아나, 과테말라, 도미니카공화국, 베네수엘라, 벨리즈, 브라질, 아르헨티나, 에콰도르, 우루과이, 칠레, 코스타리카, 파나마
B33: 그외직원(팀장및팀원) | C33: 가 | D33: 26 | E33: 실비(상한액: 155) | F33: 67 | M33: 3) 유럽주: 라트비아, 루마니아, 리투아니아, 몬테네그로, 불가리아, 세르비아, 슬로바키아, 슬로베니아, 에스토니아, 우크라이나, 체코, 크로아티아, 폴란드
C34: 나 | E34: 실비(상한액: 123) | F34: 49 | M34: 4) 중동·아프리카주: 기니, 나이지리아, 니제르, 라이베리아, 레바논, 르완다, 말리, 모리셔스, 모잠비크, 보츠와나, 부르키나파소, 상투메프린시페, 세네갈, 수단, 스와질란드, 시에라리온, 아프가니스탄, 알제리, 요르단, 이라크, 잠비아, 중앙아프리카공화국, 카메룬, 케냐, 탄자니아
C35: 다 | E35: 실비(상한액: 90) | F35: 37 | L35: 라 | M35: 1) 아시아주·오세아니아주: 네팔, 동티모르, 라오스, 몽골, 미얀마, 미크로네시아, 베트남, 스리랑카, 우즈베키스탄, 캄보디아, 타지키스탄, 통가, 필리핀
C36: 라 | E36: 실비(상한액: 77) | F36: 30 | M36: 2) 남·북아메리카주: 니카라과, 볼리비아, 수리남, 엘살바도르, 온두라스, 콜롬비아, 파라과이, 페루
M37: 3) 유럽주: 마케도니아, 몰도바, 벨라루스, 보스니아헤르체코비나, 알바니아,
M38: 4) 중동·아프리카주: 감비아, 기니비사우, 나미비아, 레소토, 마다가스카르, 말라위, 모리타니, 소말리아, 예멘, 이란, 짐바브웨, 튀니지
L39: ※ 국가 및 도시별 등급구분에 없는 국가는 여행 또는 근무예정지에서 국가의 수도까지의 거리가 가장 가까운 국가의 등급을 적용한다.
